Adam/2019-04-18_Adam.jpg
Adam/2019-04-25_Adam.jpg
Adam/2019-05-08_Adam.jpg
Anita/2019-05-17_Anita.jpg
Anita/2019-06-20_1_Anita.jpg
Anita/2019-08-26_2_Anita.jpg
Arne/2019-05-30_Arne.jpg
Arne/2019-06-20_1_Arne.jpg
Arne/2019-06-20_2_Arne.jpg
Benjamin/2019-04-18_Benjamin.jpg
Benjamin/2019-04-25_Benjamin.jpg
Benjamin/2019-05-23_Benjamin.jpg
Biserka/2019-06-20_2_Biserka.jpg
Biserka/2019-07-03_1_Biserka.jpg
Biserka/2019-07-03_2_Biserka.jpg
Branko/2019-06-20_2_Branko.jpg
Branko/2019-07-03_2_Branko.jpg
Branko/2019-09-19_1_Branko.jpg
Cene/2019-04-18_Cene.jpg
Cene/2019-04-25_Cene.jpg
Cene/2019-05-08_Cene.jpg
Cilka/2019-05-17_Cilka.jpg
Cilka/2019-06-20_2_Cilka.jpg
Cilka/2019-08-26_1_Cilka.jpg
Cveto/2019-06-20_2_Cveto.jpg
Cveto/2019-08-26_1_Cveto.jpg
Cveto/2019-08-26_2_Cveto.jpg
Damjan/2019-04-18_Damjan.jpg
Damjan/2019-04-25_Damjan.jpg
Damjan/2019-05-28_Damjan.jpg
Dimitrij/2019-05-10_Dimitrij.jpg
Dimitrij/2019-05-11_Dimitrij.jpg
Dimitrij/2019-05-28_Dimitrij.jpg
Drago/2019-06-20_1_Drago.jpg
Drago/2019-06-20_2_Drago.jpg
Drago/2019-07-03_1_Drago.jpg
Emil/2019-04-25_Emil.jpg
Emil/2019-05-09_Emil.jpg
Emil/2019-05-28_Emil.jpg
Erika/2019-06-20_1_Erika.jpg
Erika/2019-06-20_2_Erika.jpg
Erika/2019-08-26_2_Erika.jpg
Evgen/2019-06-20_1_Evgen.jpg
Evgen/2019-07-03_1_Evgen.jpg
Evgen/2019-07-03_2_Evgen.jpg
Fabjan/2019-04-25_Fabjan.jpg
Fabjan/2019-05-08_Fabjan.jpg
Fabjan/2019-05-09_Fabjan.jpg
Ferdo/2019-04-25_Ferdo.jpg
Ferdo/2019-05-08_Ferdo.jpg
Ferdo/2019-05-23_Ferdo.jpg
Franci/2019-06-20_1_Franci.jpg
Franci/2019-08-26_1_Franci.jpg
Franci/2019-09-19_1_Franci.jpg
Gracijela/2019-07-03_2_Gracijela.jpg
Gracijela/2019-08-26_1_Gracijela.jpg
Gracijela/2019-08-26_2_Gracijela.jpg
Gustav/2019-07-03_1_Gustav.jpg
Gustav/2019-07-03_2_Gustav.jpg
Gustav/2019-08-26_1_Gustav.jpg
Hermiona/2019-08-26_1_Hermiona.jpg
Hermiona/2019-08-26_2_Hermiona.jpg
Hermiona/2019-09-19_1_Hermiona.jpg
Nace/2019-04-25_Nace.jpg
Nace/2019-05-09_Nace.jpg
Nace/2019-05-11_Nace.jpg
Nejc/2019-05-08_Nejc.jpg
Nejc/2019-05-10_Nejc.jpg
Nejc/2019-05-28_Nejc.jpg
s37/Andija_DSC05730.JPG
s37/Andija_DSC05732.JPG
s37/Andja_DSC05700.JPG
Valerij/2019-04-25_Valerij.jpg
Valerij/2019-05-08_Valerij.jpg
Valerij/2019-05-23_Valerij.jpg
Čedomir/2019-04-25_Čedomir.jpg
Čedomir/2019-05-09_Čedomir.jpg
Čedomir/2019-05-23_Čedomir.jpg
Čelestina/2019-05-30_Čelestina.jpg
Čelestina/2019-06-20_1_Čelestina.jpg
Čelestina/2019-07-03_1_Čelestina.jpg
Črtomir/2019-08-26_1_Črtomir.jpg
Črtomir/2019-08-26_2_Črtomir.jpg
Črtomir/2019-09-19_1_Črtomir.jpg